[{"model": "apiapp.album", "pk": 2, "fields": {"album_name": "newalbum", "author": 12, "date_created": "2020-10-08", "num_of_photos": 3}}, {"model": "apiapp.album", "pk": 3, "fields": {"album_name": "newalbum1", "author": 12, "date_created": "2020-10-08", "num_of_photos": 4}}, {"model": "apiapp.album", "pk": 4, "fields": {"album_name": "newalbum2", "author": 12, "date_created": "2020-10-08", "num_of_photos": 2}}, {"model": "apiapp.photo", "pk": 8, "fields": {"album": 2, "date_added": "2020-10-08", "file": "original_photos/8K-Wallpaper-11-7680x4320.jpg", "thumbnail": "thumbnails/8K-Wallpaper-11-7680x4320.jpg", "photo_name": "Space"}}, {"model": "apiapp.photo", "pk": 9, "fields": {"album": 2, "date_added": "2020-10-08", "file": "original_photos/8K-Wallpaper-11-7680x4320_ZeUcq7Y.jpg", "thumbnail": "thumbnails/8K-Wallpaper-11-7680x4320_QIEBmqZ.jpg", "photo_name": "Universe"}}, {"model": "apiapp.photo", "pk": 10, "fields": {"album": 2, "date_added": "2020-10-08", "file": "original_photos/8K-Wallpaper-11-7680x4320_jlPnPDF.jpg", "thumbnail": "thumbnails/8K-Wallpaper-11-7680x4320_ZyLQz42.jpg", "photo_name": "Earth"}}, {"model": "apiapp.photo", "pk": 11, "fields": {"album": 3, "date_added": "2020-10-08", "file": "original_photos/2020-mclaren-720s-mmp-1-1570642764.jpg", "thumbnail": "thumbnails/2020-mclaren-720s-mmp-1-1570642764.jpg", "photo_name": "Mclaren"}}, {"model": "apiapp.photo", "pk": 12, "fields": {"album": 3, "date_added": "2020-10-08", "file": "original_photos/2020-mclaren-720s-mmp-1-1570642764_WsJjhbG.jpg", "thumbnail": "thumbnails/2020-mclaren-720s-mmp-1-1570642764_I3mQmod.jpg", "photo_name": "Sport Car"}}, {"model": "apiapp.photo", "pk": 13, "fields": {"album": 3, "date_added": "2020-10-08", "file": "original_photos/2020-mclaren-720s-mmp-1-1570642764_NS6i4xX.jpg", "thumbnail": "thumbnails/2020-mclaren-720s-mmp-1-1570642764_QiXwGnf.jpg", "photo_name": "Automobile"}}, {"model": "apiapp.photo", "pk": 14, "fields": {"album": 4, "date_added": "2020-10-08", "file": "original_photos/88075782-pathway-in-the-finnish-forest-finland-nature-background-vertical.jpg", "thumbnail": "thumbnails/88075782-pathway-in-the-finnish-forest-finland-nature-background-vertical.jpg", "photo_name": "Forest"}}, {"model": "apiapp.photo", "pk": 16, "fields": {"album": 4, "date_added": "2020-10-08", "file": "original_photos/88075782-pathway-in-the-finnish-forest-finland-nature-background-vertica_BF5BwRn.jpg", "thumbnail": "thumbnails/88075782-pathway-in-the-finnish-forest-finland-nature-background-vertical_NaDWzgv.jpg", "photo_name": "Forest1"}}, {"model": "apiapp.photo", "pk": 17, "fields": {"album": 3, "date_added": "2020-10-08", "file": "original_photos/2020-mclaren-720s-mmp-1-1570642764_8LefAui.jpg", "thumbnail": "thumbnails/2020-mclaren-720s-mmp-1-1570642764_iXXjN7B.jpg", "photo_name": "Car"}}, {"model": "admin.logentry", "pk": 1, "fields": {"action_time": "2020-10-07T20:31:41.354Z", "user": 1, "content_type": 6, "object_id": "2", "object_repr": "new_user", "action_flag": 1, "change_message": "[{\"added\": {}}]"}}, {"model": "admin.logentry", "pk": 2, "fields": {"action_time": "2020-10-07T20:32:03.225Z", "user": 1, "content_type": 6, "object_id": "3", "object_repr": "new_user1", "action_flag": 1, "change_message": "[{\"added\": {}}]"}}, {"model": "admin.logentry", "pk": 3, "fields": {"action_time": "2020-10-07T20:33:21.523Z", "user": 1, "content_type": 6, "object_id": "2", "object_repr": "new_user", "action_flag": 3, "change_message": ""}}, {"model": "admin.logentry", "pk": 4, "fields": {"action_time": "2020-10-07T20:33:21.525Z", "user": 1, "content_type": 6, "object_id": "3", "object_repr": "new_user1", "action_flag": 3, "change_message": ""}}, {"model": "admin.logentry", "pk": 5, "fields": {"action_time": "2020-10-07T21:27:22.647Z", "user": 1, "content_type": 6, "object_id": "4", "object_repr": "user1@gmail.com", "action_flag": 3, "change_message": ""}}, {"model": "admin.logentry", "pk": 6, "fields": {"action_time": "2020-10-07T21:27:22.650Z", "user": 1, "content_type": 6, "object_id": "5", "object_repr": "user2@gmail.com", "action_flag": 3, "change_message": ""}}, {"model": "admin.logentry", "pk": 7, "fields": {"action_time": "2020-10-07T21:27:22.652Z", "user": 1, "content_type": 6, "object_id": "6", "object_repr": "user3@gmail.com", "action_flag": 3, "change_message": ""}}, {"model": "admin.logentry", "pk": 8, "fields": {"action_time": "2020-10-07T21:27:22.654Z", "user": 1, "content_type": 6, "object_id": "7", "object_repr": "user4@gmail.com", "action_flag": 3, "change_message": ""}}, {"model": "admin.logentry", "pk": 9, "fields": {"action_time": "2020-10-07T21:27:22.656Z", "user": 1, "content_type": 6, "object_id": "8", "object_repr": "user5@gmail.com", "action_flag": 3, "change_message": ""}}, {"model": "admin.logentry", "pk": 10, "fields": {"action_time": "2020-10-07T21:27:22.658Z", "user": 1, "content_type": 6, "object_id": "9", "object_repr": "user6@gmail.com", "action_flag": 3, "change_message": ""}}, {"model": "admin.logentry", "pk": 11, "fields": {"action_time": "2020-10-07T21:27:22.660Z", "user": 1, "content_type": 6, "object_id": "10", "object_repr": "user7@gmail.com", "action_flag": 3, "change_message": ""}}, {"model": "admin.logentry", "pk": 12, "fields": {"action_time": "2020-10-07T21:27:22.662Z", "user": 1, "content_type": 6, "object_id": "11", "object_repr": "user@gmail.com", "action_flag": 3, "change_message": ""}}, {"model": "admin.logentry", "pk": 13, "fields": {"action_time": "2020-10-08T20:04:30.205Z", "user": 1, "content_type": 13, "object_id": "2", "object_repr": "newalbum", "action_flag": 1, "change_message": "[{\"added\": {}}]"}}, {"model": "admin.logentry", "pk": 14, "fields": {"action_time": "2020-10-08T20:04:39.695Z", "user": 1, "content_type": 13, "object_id": "3", "object_repr": "newalbum1", "action_flag": 1, "change_message": "[{\"added\": {}}]"}}, {"model": "admin.logentry", "pk": 15, "fields": {"action_time": "2020-10-08T20:04:50.581Z", "user": 1, "content_type": 13, "object_id": "4", "object_repr": "newalbum2", "action_flag": 1, "change_message": "[{\"added\": {}}]"}}, {"model": "admin.logentry", "pk": 16, "fields": {"action_time": "2020-10-08T20:08:11.868Z", "user": 1, "content_type": 14, "object_id": "7", "object_repr": "AnotherPhoto", "action_flag": 3, "change_message": ""}}, {"model": "admin.logentry", "pk": 17, "fields": {"action_time": "2020-10-08T20:08:11.871Z", "user": 1, "content_type": 14, "object_id": "6", "object_repr": "Games", "action_flag": 3, "change_message": ""}}, {"model": "admin.logentry", "pk": 18, "fields": {"action_time": "2020-10-08T20:08:11.873Z", "user": 1, "content_type": 14, "object_id": "5", "object_repr": "Universe", "action_flag": 3, "change_message": ""}}, {"model": "admin.logentry", "pk": 19, "fields": {"action_time": "2020-10-08T20:08:11.875Z", "user": 1, "content_type": 14, "object_id": "4", "object_repr": "Space", "action_flag": 3, "change_message": ""}}, {"model": "admin.logentry", "pk": 20, "fields": {"action_time": "2020-10-08T20:08:11.877Z", "user": 1, "content_type": 14, "object_id": "3", "object_repr": "Mclaren_other", "action_flag": 3, "change_message": ""}}, {"model": "admin.logentry", "pk": 21, "fields": {"action_time": "2020-10-08T20:08:11.879Z", "user": 1, "content_type": 14, "object_id": "2", "object_repr": "Mclaren", "action_flag": 3, "change_message": ""}}, {"model": "admin.logentry", "pk": 22, "fields": {"action_time": "2020-10-08T20:08:11.881Z", "user": 1, "content_type": 14, "object_id": "1", "object_repr": "Mclaren", "action_flag": 3, "change_message": ""}}, {"model": "admin.logentry", "pk": 23, "fields": {"action_time": "2020-10-08T20:15:37.131Z", "user": 1, "content_type": 13, "object_id": "4", "object_repr": "newalbum2", "action_flag": 2, "change_message": "[{\"changed\": {\"fields\": [\"Num of photos\"]}}]"}}, {"model": "admin.logentry", "pk": 24, "fields": {"action_time": "2020-10-08T20:15:41.190Z", "user": 1, "content_type": 13, "object_id": "3", "object_repr": "newalbum1", "action_flag": 2, "change_message": "[{\"changed\": {\"fields\": [\"Num of photos\"]}}]"}}, {"model": "admin.logentry", "pk": 25, "fields": {"action_time": "2020-10-08T20:15:46.174Z", "user": 1, "content_type": 13, "object_id": "2", "object_repr": "newalbum", "action_flag": 2, "change_message": "[{\"changed\": {\"fields\": [\"Num of photos\"]}}]"}}, {"model": "admin.logentry", "pk": 26, "fields": {"action_time": "2020-10-08T20:19:04.273Z", "user": 1, "content_type": 14, "object_id": "15", "object_repr": "Forest1", "action_flag": 3, "change_message": ""}}, {"model": "admin.logentry", "pk": 27, "fields": {"action_time": "2020-10-08T20:21:27.972Z", "user": 1, "content_type": 14, "object_id": "10", "object_repr": "Earth", "action_flag": 2, "change_message": "[{\"changed\": {\"fields\": [\"Tags\"]}}]"}}, {"model": "admin.logentry", "pk": 28, "fields": {"action_time": "2020-10-08T20:21:39.236Z", "user": 1, "content_type": 14, "object_id": "9", "object_repr": "Universe", "action_flag": 2, "change_message": "[{\"changed\": {\"fields\": [\"Tags\"]}}]"}}, {"model": "admin.logentry", "pk": 29, "fields": {"action_time": "2020-10-08T20:21:43.953Z", "user": 1, "content_type": 14, "object_id": "8", "object_repr": "Space", "action_flag": 2, "change_message": "[{\"changed\": {\"fields\": [\"Tags\"]}}]"}}, {"model": "auth.permission", "pk": 1, "fields": {"name": "Can add album", "content_type": 1, "codename": "add_album"}}, {"model": "auth.permission", "pk": 2, "fields": {"name": "Can change album", "content_type": 1, "codename": "change_album"}}, {"model": "auth.permission", "pk": 3, "fields": {"name": "Can delete album", "content_type": 1, "codename": "delete_album"}}, {"model": "auth.permission", "pk": 4, "fields": {"name": "Can view album", "content_type": 1, "codename": "view_album"}}, {"model": "auth.permission", "pk": 5, "fields": {"name": "Can add photo", "content_type": 2, "codename": "add_photo"}}, {"model": "auth.permission", "pk": 6, "fields": {"name": "Can change photo", "content_type": 2, "codename": "change_photo"}}, {"model": "auth.permission", "pk": 7, "fields": {"name": "Can delete photo", "content_type": 2, "codename": "delete_photo"}}, {"model": "auth.permission", "pk": 8, "fields": {"name": "Can view photo", "content_type": 2, "codename": "view_photo"}}, {"model": "auth.permission", "pk": 9, "fields": {"name": "Can add log entry", "content_type": 3, "codename": "add_logentry"}}, {"model": "auth.permission", "pk": 10, "fields": {"name": "Can change log entry", "content_type": 3, "codename": "change_logentry"}}, {"model": "auth.permission", "pk": 11, "fields": {"name": "Can delete log entry", "content_type": 3, "codename": "delete_logentry"}}, {"model": "auth.permission", "pk": 12, "fields": {"name": "Can view log entry", "content_type": 3, "codename": "view_logentry"}}, {"model": "auth.permission", "pk": 13, "fields": {"name": "Can add permission", "content_type": 4, "codename": "add_permission"}}, {"model": "auth.permission", "pk": 14, "fields": {"name": "Can change permission", "content_type": 4, "codename": "change_permission"}}, {"model": "auth.permission", "pk": 15, "fields": {"name": "Can delete permission", "content_type": 4, "codename": "delete_permission"}}, {"model": "auth.permission", "pk": 16, "fields": {"name": "Can view permission", "content_type": 4, "codename": "view_permission"}}, {"model": "auth.permission", "pk": 17, "fields": {"name": "Can add group", "content_type": 5, "codename": "add_group"}}, {"model": "auth.permission", "pk": 18, "fields": {"name": "Can change group", "content_type": 5, "codename": "change_group"}}, {"model": "auth.permission", "pk": 19, "fields": {"name": "Can delete group", "content_type": 5, "codename": "delete_group"}}, {"model": "auth.permission", "pk": 20, "fields": {"name": "Can view group", "content_type": 5, "codename": "view_group"}}, {"model": "auth.permission", "pk": 21, "fields": {"name": "Can add user", "content_type": 6, "codename": "add_user"}}, {"model": "auth.permission", "pk": 22, "fields": {"name": "Can change user", "content_type": 6, "codename": "change_user"}}, {"model": "auth.permission", "pk": 23, "fields": {"name": "Can delete user", "content_type": 6, "codename": "delete_user"}}, {"model": "auth.permission", "pk": 24, "fields": {"name": "Can view user", "content_type": 6, "codename": "view_user"}}, {"model": "auth.permission", "pk": 25, "fields": {"name": "Can add content type", "content_type": 7, "codename": "add_contenttype"}}, {"model": "auth.permission", "pk": 26, "fields": {"name": "Can change content type", "content_type": 7, "codename": "change_contenttype"}}, {"model": "auth.permission", "pk": 27, "fields": {"name": "Can delete content type", "content_type": 7, "codename": "delete_contenttype"}}, {"model": "auth.permission", "pk": 28, "fields": {"name": "Can view content type", "content_type": 7, "codename": "view_contenttype"}}, {"model": "auth.permission", "pk": 29, "fields": {"name": "Can add session", "content_type": 8, "codename": "add_session"}}, {"model": "auth.permission", "pk": 30, "fields": {"name": "Can change session", "content_type": 8, "codename": "change_session"}}, {"model": "auth.permission", "pk": 31, "fields": {"name": "Can delete session", "content_type": 8, "codename": "delete_session"}}, {"model": "auth.permission", "pk": 32, "fields": {"name": "Can view session", "content_type": 8, "codename": "view_session"}}, {"model": "auth.permission", "pk": 33, "fields": {"name": "Can add Token", "content_type": 9, "codename": "add_token"}}, {"model": "auth.permission", "pk": 34, "fields": {"name": "Can change Token", "content_type": 9, "codename": "change_token"}}, {"model": "auth.permission", "pk": 35, "fields": {"name": "Can delete Token", "content_type": 9, "codename": "delete_token"}}, {"model": "auth.permission", "pk": 36, "fields": {"name": "Can view Token", "content_type": 9, "codename": "view_token"}}, {"model": "auth.permission", "pk": 37, "fields": {"name": "Can add token", "content_type": 10, "codename": "add_tokenproxy"}}, {"model": "auth.permission", "pk": 38, "fields": {"name": "Can change token", "content_type": 10, "codename": "change_tokenproxy"}}, {"model": "auth.permission", "pk": 39, "fields": {"name": "Can delete token", "content_type": 10, "codename": "delete_tokenproxy"}}, {"model": "auth.permission", "pk": 40, "fields": {"name": "Can view token", "content_type": 10, "codename": "view_tokenproxy"}}, {"model": "auth.permission", "pk": 41, "fields": {"name": "Can add tag", "content_type": 11, "codename": "add_tag"}}, {"model": "auth.permission", "pk": 42, "fields": {"name": "Can change tag", "content_type": 11, "codename": "change_tag"}}, {"model": "auth.permission", "pk": 43, "fields": {"name": "Can delete tag", "content_type": 11, "codename": "delete_tag"}}, {"model": "auth.permission", "pk": 44, "fields": {"name": "Can view tag", "content_type": 11, "codename": "view_tag"}}, {"model": "auth.permission", "pk": 45, "fields": {"name": "Can add tagged item", "content_type": 12, "codename": "add_taggeditem"}}, {"model": "auth.permission", "pk": 46, "fields": {"name": "Can change tagged item", "content_type": 12, "codename": "change_taggeditem"}}, {"model": "auth.permission", "pk": 47, "fields": {"name": "Can delete tagged item", "content_type": 12, "codename": "delete_taggeditem"}}, {"model": "auth.permission", "pk": 48, "fields": {"name": "Can view tagged item", "content_type": 12, "codename": "view_taggeditem"}}, {"model": "auth.permission", "pk": 49, "fields": {"name": "Can add album", "content_type": 13, "codename": "add_album"}}, {"model": "auth.permission", "pk": 50, "fields": {"name": "Can change album", "content_type": 13, "codename": "change_album"}}, {"model": "auth.permission", "pk": 51, "fields": {"name": "Can delete album", "content_type": 13, "codename": "delete_album"}}, {"model": "auth.permission", "pk": 52, "fields": {"name": "Can view album", "content_type": 13, "codename": "view_album"}}, {"model": "auth.permission", "pk": 53, "fields": {"name": "Can add photo", "content_type": 14, "codename": "add_photo"}}, {"model": "auth.permission", "pk": 54, "fields": {"name": "Can change photo", "content_type": 14, "codename": "change_photo"}}, {"model": "auth.permission", "pk": 55, "fields": {"name": "Can delete photo", "content_type": 14, "codename": "delete_photo"}}, {"model": "auth.permission", "pk": 56, "fields": {"name": "Can view photo", "content_type": 14, "codename": "view_photo"}}, {"model": "auth.user", "pk": 1, "fields": {"password": "pbkdf2_sha256$216000$oexmwftQVuFz$ooztWUwcJ/7/sIOyOTKJm64NTZwmjv6mGVWHh8EXeeg=", "last_login": "2020-10-07T20:11:53.922Z", "is_superuser": true, "username": "easy", "first_name": "", "last_name": "", "email": "easy@gmail.com", "is_staff": true, "is_active": true, "date_joined": "2020-10-07T20:11:21.451Z", "groups": [], "user_permissions": []}}, {"model": "auth.user", "pk": 12, "fields": {"password": "pbkdf2_sha256$216000$09HT6peRzHEQ$w7unY0cL1oPumJs20116QqIsfvUZGcXfSTU1zOxKCNg=", "last_login": null, "is_superuser": false, "username": "user@gmail.com", "first_name": "", "last_name": "", "email": "", "is_staff": false, "is_active": true, "date_joined": "2020-10-07T21:27:43.108Z", "groups": [], "user_permissions": []}}, {"model": "contenttypes.contenttype", "pk": 1, "fields": {"app_label": "mainapp", "model": "album"}}, {"model": "contenttypes.contenttype", "pk": 2, "fields": {"app_label": "mainapp", "model": "photo"}}, {"model": "contenttypes.contenttype", "pk": 3, "fields": {"app_label": "admin", "model": "logentry"}}, {"model": "contenttypes.contenttype", "pk": 4, "fields": {"app_label": "auth", "model": "permission"}}, {"model": "contenttypes.contenttype", "pk": 5, "fields": {"app_label": "auth", "model": "group"}}, {"model": "contenttypes.contenttype", "pk": 6, "fields": {"app_label": "auth", "model": "user"}}, {"model": "contenttypes.contenttype", "pk": 7, "fields": {"app_label": "contenttypes", "model": "contenttype"}}, {"model": "contenttypes.contenttype", "pk": 8, "fields": {"app_label": "sessions", "model": "session"}}, {"model": "contenttypes.contenttype", "pk": 9, "fields": {"app_label": "authtoken", "model": "token"}}, {"model": "contenttypes.contenttype", "pk": 10, "fields": {"app_label": "authtoken", "model": "tokenproxy"}}, {"model": "contenttypes.contenttype", "pk": 11, "fields": {"app_label": "taggit", "model": "tag"}}, {"model": "contenttypes.contenttype", "pk": 12, "fields": {"app_label": "taggit", "model": "taggeditem"}}, {"model": "contenttypes.contenttype", "pk": 13, "fields": {"app_label": "apiapp", "model": "album"}}, {"model": "contenttypes.contenttype", "pk": 14, "fields": {"app_label": "apiapp", "model": "photo"}}, {"model": "sessions.session", "pk": "sjhlmspk5fhyzmorar4cm916b0m9pkue", "fields": {"session_data": ".eJxVjDsOwjAQBe_iGlkOCfaakp4zRPt21ySAEimfCnF3iJQC2jcz7-VaXpeuXWeb2l7d2VXu8LuB5WHDBvTOw230Mg7L1MNvit_p7K-j2vOyu38HHc_dt5ZTMSpQ4iwxMgLAlmuISsrJGhgloCmgGENFtdaJQqCignxUqHt_AC8COZI:1kQFmz:WqtWZBIXeUSU8reHMT1RoSCzV3psROyJfAW26aZMbjo", "expire_date": "2020-10-21T20:11:53.925Z"}}, {"model": "authtoken.token", "pk": "d1b7268f20a110a66b97cc45873c53fb95c22c07", "fields": {"user": 12, "created": "2020-10-07T21:27:51.907Z"}}, {"model": "taggit.tag", "pk": 1, "fields": {"name": "photo", "slug": "photo"}}, {"model": "taggit.tag", "pk": 2, "fields": {"name": "mclaren", "slug": "mclaren"}}, {"model": "taggit.tag", "pk": 3, "fields": {"name": "car", "slug": "car"}}, {"model": "taggit.tag", "pk": 4, "fields": {"name": "tree", "slug": "tree"}}, {"model": "taggit.tag", "pk": 5, "fields": {"name": "sportcar", "slug": "sportcar"}}, {"model": "taggit.tag", "pk": 6, "fields": {"name": "space", "slug": "space"}}, {"model": "taggit.tag", "pk": 7, "fields": {"name": "universe", "slug": "universe"}}, {"model": "taggit.taggeditem", "pk": 22, "fields": {"tag": 1, "content_type": 14, "object_id": 8}}, {"model": "taggit.taggeditem", "pk": 25, "fields": {"tag": 1, "content_type": 14, "object_id": 9}}, {"model": "taggit.taggeditem", "pk": 28, "fields": {"tag": 1, "content_type": 14, "object_id": 10}}, {"model": "taggit.taggeditem", "pk": 31, "fields": {"tag": 1, "content_type": 14, "object_id": 11}}, {"model": "taggit.taggeditem", "pk": 32, "fields": {"tag": 2, "content_type": 14, "object_id": 11}}, {"model": "taggit.taggeditem", "pk": 33, "fields": {"tag": 3, "content_type": 14, "object_id": 11}}, {"model": "taggit.taggeditem", "pk": 34, "fields": {"tag": 1, "content_type": 14, "object_id": 12}}, {"model": "taggit.taggeditem", "pk": 35, "fields": {"tag": 2, "content_type": 14, "object_id": 12}}, {"model": "taggit.taggeditem", "pk": 36, "fields": {"tag": 3, "content_type": 14, "object_id": 12}}, {"model": "taggit.taggeditem", "pk": 37, "fields": {"tag": 1, "content_type": 14, "object_id": 13}}, {"model": "taggit.taggeditem", "pk": 38, "fields": {"tag": 2, "content_type": 14, "object_id": 13}}, {"model": "taggit.taggeditem", "pk": 39, "fields": {"tag": 3, "content_type": 14, "object_id": 13}}, {"model": "taggit.taggeditem", "pk": 40, "fields": {"tag": 1, "content_type": 14, "object_id": 14}}, {"model": "taggit.taggeditem", "pk": 41, "fields": {"tag": 4, "content_type": 14, "object_id": 14}}, {"model": "taggit.taggeditem", "pk": 44, "fields": {"tag": 1, "content_type": 14, "object_id": 16}}, {"model": "taggit.taggeditem", "pk": 45, "fields": {"tag": 4, "content_type": 14, "object_id": 16}}, {"model": "taggit.taggeditem", "pk": 46, "fields": {"tag": 1, "content_type": 14, "object_id": 17}}, {"model": "taggit.taggeditem", "pk": 47, "fields": {"tag": 5, "content_type": 14, "object_id": 17}}, {"model": "taggit.taggeditem", "pk": 48, "fields": {"tag": 6, "content_type": 14, "object_id": 10}}, {"model": "taggit.taggeditem", "pk": 49, "fields": {"tag": 6, "content_type": 14, "object_id": 9}}, {"model": "taggit.taggeditem", "pk": 50, "fields": {"tag": 7, "content_type": 14, "object_id": 9}}]